{"nodes":{"node:1":{"location":{"x":100,"y":100}}},"selection":null,"view":{"scroll":{"x":-303.387115478515625,"y":202.416122436523438},"visible_rect":{"max":{"x":433.128936767578125,"y":176.161956787109375},"min":{"x":-147.877365112304688,"y":98.6619491577148438}},"zoom":2.05161285400390625}}